-- =====================================================
-- Faculty Management System - Sample Data
-- CTEC 22043 Group Assignment - FMS-GroupXX
-- =====================================================
-- Run schema.sql FIRST to create the tables, then run this file.
-- Insert order below respects foreign key dependencies:
--   departments -> degrees -> users -> lecturers -> students
--   -> courses -> enrollments -> lecturer_timetable -> student_timetable
-- =====================================================

SET SQL_MODE = "NO_AUTO_VALUE_ON_ZERO";
START TRANSACTION;
SET time_zone = "+00:00";

/*!40101 SET @OLD_CHARACTER_SET_CLIENT=@@CHARACTER_SET_CLIENT */;
/*!40101 SET @OLD_CHARACTER_SET_RESULTS=@@CHARACTER_SET_RESULTS */;
/*!40101 SET @OLD_COLLATION_CONNECTION=@@COLLATION_CONNECTION */;
/*!40101 SET NAMES utf8mb4 */;

-- --------------------------------------------------------
-- Data for table `departments`
-- --------------------------------------------------------

INSERT INTO `departments` (`department_id`, `department_name`, `hod`, `staff_count`) VALUES
(1, 'Applied Computing', 'Dr. Laalitha S. I. Liyanage', 24),
(2, 'Software Engineering', 'Dr. S. P. Kasthuri Arachchi', 23),
(3, 'Computer Systems Engineering', 'Snr. Prof. N. G. J. Dias', 25);

-- --------------------------------------------------------
-- Data for table `degrees`
-- --------------------------------------------------------

INSERT INTO `degrees` (`degree_id`, `degree_name`, `department_id`) VALUES
(1, 'Bachelor of Science Honours in Computer Science Degree', 1),
(2, 'Bachelor of Information and Communication Technology Honours Degree', 2),
(3, 'Bachelor of Biosystems Technology Honours Degree', 3),
(4, 'Bachelor of Engineering Technology Honours Degree', 3);

-- --------------------------------------------------------
-- Data for table `users`
-- --------------------------------------------------------

INSERT INTO `users` (`user_id`, `username`, `password`, `role`) VALUES
(1, 'CS2022001', '123456', 'Student'),
(2, 'CS2022002', '123456', 'Student'),
(3, 'CS2022003', '123456', 'Student'),
(4, 'CS2022004', '123456', 'Student'),
(5, 'CS2022005', '123456', 'Student'),
(6, 'CT2022001', '123456', 'Student'),
(7, 'CT2022002', '123456', 'Student'),
(8, 'CT2022003', '123456', 'Student'),
(9, 'CT2022004', '123456', 'Student'),
(10, 'CT2022005', '123456', 'Student'),
(11, 'BST2022001', '123456', 'Student'),
(12, 'BST2022002', '123456', 'Student'),
(13, 'BST2022003', '123456', 'Student'),
(14, 'BST2022004', '123456', 'Student'),
(15, 'BST2022005', '123456', 'Student'),
(16, 'ET2022001', '123456', 'Student'),
(17, 'ET2022002', '123456', 'Student'),
(18, 'ET2022003', '123456', 'Student'),
(19, 'ET2022004', '123456', 'Student'),
(20, 'ET2022005', '123456', 'Student'),
(21, 'LE001', '123456', 'Lecturer'),
(22, 'LE002', '123456', 'Lecturer'),
(23, 'LE003', '123456', 'Lecturer'),
(24, 'LE004', '123456', 'Lecturer'),
(25, 'LE005', '123456', 'Lecturer'),
(26, 'LE006', '123456', 'Lecturer'),
(27, 'LE007', '123456', 'Lecturer'),
(28, 'LE008', '123456', 'Lecturer'),
(29, 'LE009', '123456', 'Lecturer'),
(30, 'LE010', '123456', 'Lecturer'),
(31, 'LE011', '123456', 'Lecturer'),
(32, 'LE012', '123456', 'Lecturer'),
(33, 'LE013', '123456', 'Lecturer'),
(34, 'LE014', '123456', 'Lecturer'),
(35, 'LE015', '123456', 'Lecturer'),
(36, 'LE016', '123456', 'Lecturer'),
(37, 'LE017', '123456', 'Lecturer'),
(38, 'LE018', '123456', 'Lecturer'),
(39, 'admin', 'admin123', 'Admin');

-- --------------------------------------------------------
-- Data for table `lecturers`
-- --------------------------------------------------------

INSERT INTO `lecturers` (`lecturer_id`, `full_name`, `email`, `mobile`, `department_id`, `user_id`) VALUES
('LE001', 'Dr. Laalitha S. I. Liyanage', 'laalitha@kln.ac.lk', '0711234567', 3, 21),
('LE002', 'Dr. Chamli Pushpakumara', 'chamli@kln.ac.lk', '0722345678', 3, 22),
('LE003', 'Dr. Pradeep W. Samarasekere', 'pradeeps@kln.ac.lk', '0773456789', 3, 23),
('LE004', 'Dr. Kasun Fernando', 'kasunf@kln.ac.lk', '0764567890', 3, 24),
('LE005', 'Dr. Chanaka Udayanga', 'chanakau@kln.ac.lk', '0755678901', 3, 25),
('LE006', 'Dr. Amila Jeewandara', 'amilaj@kln.ac.lk', '0773456789', 3, 26),
('LE007', 'Dr. Induni Siriwardane', 'induni@kln.ac.lk', '0764567890', 3, 27),
('LE008', 'Dr. Tharaga Sharmilan', 'tharagas@kln.ac.lk', '0755678901', 3, 28),
('LE009', 'Dr. Shakila Pathirana', 'shakilap@kln.ac.lk', '0746789012', 3, 29),
('LE010', 'Dr. S. P. Kasthuri Arachchi', 'sandelik@kln.ac.lk', '0711234567', 2, 30),
('LE011', 'Prof. S. R. Liyanage', 'sidath@kln.ac.lk', '0722345678', 2, 31),
('LE012', 'Dr. M. C. Wijegunasekara', 'carmel@kln.ac.lk', '0773456789', 2, 32),
('LE013', 'Dr. Mohamed Ishan Sabar', 'ishans@kln.ac.lk', '0764567890', 2, 33),
('LE014', 'Mr. Kesavan Selvarajah', 'kesavans@kln.ac.lk', '0755678901', 2, 34),
('LE015', 'Snr. Prof. N. G. J. Dias', 'ngjdias@kln.ac.lk', '0773456789', 1, 35),
('LE016', 'Dr. Rajitha Tennekoon', 'rajithat@kln.ac.lk', '0764567890', 1, 36),
('LE017', 'Dr. Rasika Rajapaksha', 'rasikar@kln.ac.lk', '0755678901', 1, 37),
('LE018', 'Dr. Madusha Chandrasena', 'madushac@kln.ac.lk', '0746789012', 1, 38);

-- --------------------------------------------------------
-- Data for table `students`
-- --------------------------------------------------------

INSERT INTO `students` (`student_id`, `full_name`, `email`, `mobile`, `degree_id`, `user_id`) VALUES
('CS2022001', 'Kasun Perera', 'cs2022001@students.fct.edu.lk', '0711234501', 1, 1),
('CS2022002', 'Nadeesha Silva', 'cs2022002@students.fct.edu.lk', '0711234502', 1, 2),
('CS2022003', 'Sahan Fernando', 'cs2022003@students.fct.edu.lk', '0711234503', 1, 3),
('CS2022004', 'Dulanjana Jayasuriya', 'cs2022004@students.fct.edu.lk', '0711234504', 1, 4),
('CS2022005', 'Tharindu Madushan', 'cs2022005@students.fct.edu.lk', '0711234505', 1, 5),
('CT2022001', 'Sachini Perera', 'ct2022001@students.fct.edu.lk', '0721234501', 2, 6),
('CT2022002', 'Nipun Wijesinghe', 'ct2022002@students.fct.edu.lk', '0721234502', 2, 7),
('CT2022003', 'Yasiru Gunawardena', 'ct2022003@students.fct.edu.lk', '0721234503', 2, 8),
('CT2022004', 'Hiruni Fernando', 'ct2022004@students.fct.edu.lk', '0721234504', 2, 9),
('CT2022005', 'Ravindu Silva', 'ct2022005@students.fct.edu.lk', '0721234505', 2, 10),
('BST2022001', 'Isuru Jayawardena', 'bst2022001@students.fct.edu.lk', '0751234501', 3, 11),
('BST2022002', 'Sanduni Perera', 'bst2022002@students.fct.edu.lk', '0751234502', 3, 12),
('BST2022003', 'Kavindu Senanayake', 'bst2022003@students.fct.edu.lk', '0751234503', 3, 13),
('BST2022004', 'Dilmi Fernando', 'bst2022004@students.fct.edu.lk', '0751234504', 3, 14),
('BST2022005', 'Chanuka Wijesiri', 'bst2022005@students.fct.edu.lk', '0751234505', 3, 15),
('ET2022001', 'Ashen Perera', 'et2022001@students.fct.edu.lk', '0771234501', 4, 16),
('ET2022002', 'Nethmi Silva', 'et2022002@students.fct.edu.lk', '0771234502', 4, 17),
('ET2022003', 'Pasindu Jayasinghe', 'et2022003@students.fct.edu.lk', '0771234503', 4, 18),
('ET2022004', 'Malsha Fernando', 'et2022004@students.fct.edu.lk', '0771234504', 4, 19),
('ET2022005', 'Gayan Madusanka', 'et2022005@students.fct.edu.lk', '0771234505', 4, 20);

-- --------------------------------------------------------
-- Data for table `courses`
-- --------------------------------------------------------

INSERT INTO `courses` (`course_id`, `course_code`, `course_name`, `credits`, `lecturer_id`) VALUES
(1, 'CTEC11052', 'Structured Programming I', 2, 'LE001'),
(2, 'CTEC11063', 'Computer Systems Organization', 3, 'LE002'),
(3, 'CTEC11203', 'Design Ideation and Creative Development', 3, 'LE003'),
(4, 'CTEC12052', 'Data Communication and Networking', 2, 'LE004'),
(5, 'CTEC12073', 'Structured Programming II', 3, 'LE001'),
(6, 'CTEC12212', 'Fundamentals of Electricity', 2, 'LE005'),
(7, 'CTEC12223', 'Statistics for Computing', 3, 'LE006'),
(8, 'CTEC21042', 'Web Programming', 2, 'LE002'),
(9, 'CTEC21052', 'Introduction to Cyber Security', 2, 'LE003'),
(10, 'CTEC21063', 'Database Systems', 3, 'LE004'),
(11, 'CTEC22023', 'Data Structures & Algorithms', 3, 'LE001'),
(12, 'CTEC22032', 'Software Engineering', 2, 'LE002'),
(13, 'CTEC22043', 'Object Oriented Programming', 3, 'LE003'),
(14, 'CTEC22053', 'Computer Architecture & Operating Systems', 3, 'LE004'),
(15, 'CTEC22061', 'Systems and Network Laboratory', 1, 'LE005'),
(16, 'DELT13522', 'Communication for Technology', 2, 'LE006'),
(17, 'DELT13522A', 'English for Computing and Technology', 2, 'LE006'),
(18, 'DELT21512', 'English for the World', 2, 'LE005'),
(19, 'DELT22552', 'English for Technology', 2, 'LE006'),
(20, 'GTEC11013', 'Mathematics for Technology I', 3, 'LE005'),
(21, 'GTEC12013', 'Mathematics for Technology II', 3, 'LE005'),
(22, 'GTEC12023', 'Physics for Technology II', 3, 'LE004'),
(23, 'GTEC12033', 'Fundamental Practices in Technology', 3, 'LE003');

-- --------------------------------------------------------
-- Data for table `enrollments`
-- --------------------------------------------------------

INSERT INTO `enrollments` (`enrollment_id`, `student_id`, `course_id`, `grade`) VALUES
(1, 'CS2022001', 1, 'A'),
(2, 'CS2022002', 2, 'A-'),
(3, 'CS2022003', 3, 'B+'),
(4, 'CS2022004', 1, 'B'),
(5, 'CS2022005', 4, 'A'),
(6, 'CT2022001', 2, 'A'),
(7, 'CT2022002', 5, 'B+'),
(8, 'CT2022003', 3, 'B'),
(9, 'CT2022004', 6, 'A-'),
(10, 'CT2022005', 4, 'A'),
(11, 'BST2022001', 7, 'A'),
(12, 'BST2022002', 8, 'A-'),
(13, 'BST2022003', 7, 'B+'),
(14, 'BST2022004', 9, 'A'),
(15, 'BST2022005', 8, 'B'),
(16, 'ET2022001', 10, 'A'),
(17, 'ET2022002', 9, 'A-'),
(18, 'ET2022003', 11, 'B+'),
(19, 'ET2022004', 10, 'A'),
(20, 'ET2022005', 12, 'A'),
(21, 'CS2022001', 13, 'B+'),
(22, 'CS2022002', 12, 'A-'),
(23, 'CS2022003', 14, 'B'),
(24, 'CS2022004', 13, 'A'),
(25, 'CS2022005', 15, 'A-'),
(26, 'CT2022001', 14, 'B+'),
(27, 'CT2022002', 16, 'A'),
(28, 'CT2022003', 15, 'A'),
(29, 'CT2022004', 17, 'A'),
(30, 'CT2022005', 18, 'A-'),
(31, 'BST2022001', 17, 'B+'),
(32, 'BST2022002', 19, 'A'),
(33, 'BST2022003', 18, 'B'),
(34, 'BST2022004', 20, 'A'),
(35, 'BST2022005', 19, 'A-'),
(36, 'ET2022001', 21, 'B+'),
(37, 'ET2022002', 22, 'A'),
(38, 'ET2022003', 23, 'A-');

-- --------------------------------------------------------
-- Data for table `lecturer_timetable`
-- --------------------------------------------------------

INSERT INTO `lecturer_timetable` (`timetable_id`, `lecturer_id`, `course_id`, `day_of_week`, `start_time`, `end_time`, `venue`) VALUES
(1, 'LE001', 1, 'Monday', '08:30:00', '10:30:00', 'LH-101'),
(2, 'LE001', 5, 'Thursday', '08:30:00', '10:30:00', 'Lab-02'),
(3, 'LE002', 2, 'Monday', '10:45:00', '12:45:00', 'LH-101'),
(4, 'LE002', 6, 'Monday', '08:30:00', '10:30:00', 'LH-102'),
(5, 'LE003', 3, 'Tuesday', '08:30:00', '10:30:00', 'Lab-01'),
(6, 'LE003', 7, 'Tuesday', '10:45:00', '12:45:00', 'LH-102'),
(7, 'LE004', 4, 'Wednesday', '13:30:00', '15:30:00', 'LH-202'),
(8, 'LE004', 8, 'Wednesday', '08:30:00', '10:30:00', 'Lab-03'),
(9, 'LE005', 9, 'Thursday', '13:30:00', '15:30:00', 'LH-103'),
(10, 'LE005', 10, 'Monday', '13:30:00', '15:30:00', 'LH-201'),
(11, 'LE006', 11, 'Tuesday', '08:30:00', '10:30:00', 'Lab-04'),
(12, 'LE006', 12, 'Wednesday', '10:45:00', '12:45:00', 'LH-201'),
(13, 'LE007', 13, 'Thursday', '08:30:00', '10:30:00', 'Lab-05'),
(14, 'LE007', 14, 'Friday', '10:45:00', '12:45:00', 'LH-203'),
(15, 'LE008', 15, 'Friday', '13:30:00', '15:30:00', 'Lab-05');

-- --------------------------------------------------------
-- Data for table `student_timetable`
-- --------------------------------------------------------

INSERT INTO `student_timetable` (`timetable_id`, `degree_id`, `course_id`, `day_of_week`, `start_time`, `end_time`, `venue`, `semester`) VALUES
(1, 4, 1, 'Monday', '08:30:00', '10:30:00', 'LH-101', 1),
(2, 4, 2, 'Monday', '10:45:00', '12:45:00', 'LH-101', 1),
(3, 4, 3, 'Tuesday', '08:30:00', '10:30:00', 'Lab-01', 1),
(4, 4, 4, 'Wednesday', '13:30:00', '15:30:00', 'LH-202', 1),
(5, 4, 5, 'Thursday', '08:30:00', '10:30:00', 'Lab-02', 1),
(6, 3, 6, 'Monday', '08:30:00', '10:30:00', 'LH-102', 1),
(7, 3, 7, 'Tuesday', '10:45:00', '12:45:00', 'LH-102', 1),
(8, 3, 8, 'Wednesday', '08:30:00', '10:30:00', 'Lab-03', 1),
(9, 3, 9, 'Thursday', '13:30:00', '15:30:00', 'LH-103', 1),
(10, 1, 10, 'Monday', '13:30:00', '15:30:00', 'LH-201', 1),
(11, 1, 11, 'Tuesday', '08:30:00', '10:30:00', 'Lab-04', 1),
(12, 1, 12, 'Wednesday', '10:45:00', '12:45:00', 'LH-201', 1),
(13, 2, 13, 'Thursday', '08:30:00', '10:30:00', 'Lab-05', 1),
(14, 2, 14, 'Friday', '10:45:00', '12:45:00', 'LH-203', 1),
(15, 2, 15, 'Friday', '13:30:00', '15:30:00', 'Lab-05', 1);

COMMIT;

/*!40101 SET CHARACTER_SET_CLIENT=@OLD_CHARACTER_SET_CLIENT */;
/*!40101 SET CHARACTER_SET_RESULTS=@OLD_CHARACTER_SET_RESULTS */;
/*!40101 SET COLLATION_CONNECTION=@OLD_COLLATION_CONNECTION */;
